0,lopezcharles@mills.biz,Long Stevens and Blankenship,FR,standard
1,harveycameron@blankenship.com,West Mccoy and Johnson,MD,standard
2,gregory50@williams-ramos.com,Stephenson Heath and Taylor,FR,premium
3,faguilar@moody.org,Hanson Inc,ER,standard
4,david04@kennedy.biz,Fields Hernandez and Parks,FR,standard
5,amandajohnson@williams.info,Wright Group,DE,standard
6,benjamin27@burns.biz,Johnson Rhodes and Morrow,DE,standard
7,sean31@hernandez-sims.biz,Lambert Diaz and Montgomery,DE,standard
8,zmahoney@curry.org,Medina Inc,DE,standard
9,hrichardson@white.com,Morris Group,DE,standard
